0.741041958332062	"Psoriasis vulgaris"	"GCST90018907"	2021	NA	NA	"1_24964519_A_T"	"rs6672420"	"ENSG00000020633"	"RUNX3"	"EFO_1001494"	"psoriasis vulgaris"	"missense_variant"	"OTHER"	"EFO_0000540"
0.866927862167358	"\"Disorders of thyroid, IBD co-morbidities\""	"FINNGEN_R5_THYROID_DISORDER_IBD"	2021	1.54419077051006	NA	"8_132871426_C_T"	"rs114322847"	"ENSG00000042832"	"TG"	"EFO_0003767"	"inflammatory bowel disease"	"missense_variant"	"OTHER"	"EFO_0000540"
0.633257806301117	"Psoriasis"	"GCST90038681"	2021	1.00265872816549	NA	"6_111592059_C_T"	"rs33980500"	"ENSG00000056972"	"TRAF3IP2"	"EFO_0000676"	"psoriasis"	"missense_variant"	"OTHER"	"EFO_0000540"
0.445102781057358	"Systemic lupus erythematosus"	"GCST011493"	2021	1.14942528735632	NA	"6_34856859_A_G"	"rs11755393"	"ENSG00000065060"	"UHRF1BP1"	"EFO_0002690"	"systemic lupus erythematosus"	"missense_variant"	"OTHER"	"EFO_0000540"
0.86736261844635	"\"Diseases of veins, lymphatic vessels and lymph nodes, not elsewhere classified\""	"FINNGEN_R5_I9_DISVEINLYMPH"	2021	0.89574455636202	NA	"X_38149868_G_A"	"rs35318931"	"ENSG00000101955"	"SRPX"	"EFO_0007352"	"lymphatic system disease"	"missense_variant"	"OTHER"	"EFO_0000540"
0.866079449653625	"\"Diseases of veins, lymphatic vessels and lymph nodes, not elsewhere classified (FINNGEN)\""	"FINNGEN_R5_FG_DISVEINLYMPH"	2021	0.883910027827458	NA	"X_38149868_G_A"	"rs35318931"	"ENSG00000101955"	"SRPX"	"EFO_0007352"	"lymphatic system disease"	"missense_variant"	"OTHER"	"EFO_0000540"
0.850112438201904	"Type 1 diabetes"	"GCST90000529"	2021	0.769923084571809	NA	"15_78944951_C_T"	"rs2289702"	"ENSG00000103811"	"CTSH"	"MONDO_0005147"	"type 1 diabetes mellitus"	"missense_variant"	"OTHER"	"EFO_0000540"
0.846130907535553	"Type 1 diabetes"	"GCST90013791"	2021	0.842855708995091	NA	"15_78944951_C_T"	"rs2289702"	"ENSG00000103811"	"CTSH"	"MONDO_0005147"	"type 1 diabetes mellitus"	"missense_variant"	"OTHER"	"EFO_0000540"
0.525205075740814	"Type 1 diabetes"	"GCST90014023"	2021	0.861612194431683	NA	"19_10359299_A_C"	"rs12720356"	"ENSG00000105397"	"TYK2"	"MONDO_0005147"	"type 1 diabetes mellitus"	"missense_variant"	"OTHER"	"EFO_0000540"
0.473084956407547	"Rheumatoid arthritis"	"FINNGEN_R5_M13_RHEUMA_INCLAVO"	2021	0.725640910612749	NA	"19_10352442_G_C"	"rs34536443"	"ENSG00000105397"	"TYK2"	"EFO_0000685"	"rheumatoid arthritis"	"missense_variant"	"OTHER"	"EFO_0000540"
0.465907663106918	"Autoimmune diseases"	"FINNGEN_R5_AUTOIMMUNE"	2021	0.812207036711939	NA	"19_10352442_G_C"	"rs34536443"	"ENSG00000105397"	"TYK2"	"EFO_0005140"	"autoimmune disease"	"missense_variant"	"OTHER"	"EFO_0000540"
0.457528740167618	"Psoriasis"	"GCST90038681"	2021	0.996114069843543	NA	"19_10352442_G_C"	"rs34536443"	"ENSG00000105397"	"TYK2"	"EFO_0000676"	"psoriasis"	"missense_variant"	"OTHER"	"EFO_0000540"
0.438045769929886	"Type 1 diabetes"	"GCST90014023"	2021	0.680225444315318	NA	"19_10352442_G_C"	"rs34536443"	"ENSG00000105397"	"TYK2"	"MONDO_0005147"	"type 1 diabetes mellitus"	"missense_variant"	"OTHER"	"EFO_0000540"
0.434779495000839	"\"Hypothyroidism, strict autoimmune\""	"FINNGEN_R5_E4_HYTHY_AI_STRICT"	2021	0.829194940585724	NA	"19_10352442_G_C"	"rs34536443"	"ENSG00000105397"	"TYK2"	"EFO_0003779"	"Hashimoto's thyroiditis"	"missense_variant"	"OTHER"	"EFO_0000540"
0.48111492395401	"Diseases of the blood and blood-forming organs and certain disorders involving the immune mechanism"	"FINNGEN_R5_D3_BLOOD"	2021	1.70165277610596	NA	"17_58358769_C_T"	"rs199598395"	"ENSG00000108375"	"RNF43"	"EFO_0000540"	"immune system disease"	"missense_variant"	"OTHER"	"EFO_0000540"
0.745415091514587	"Type 1 diabetes with other specified/multiple/unspecified complications"	"FINNGEN_R5_E4_DM1NASCOMP"	2021	0.837863566690485	NA	"12_111446804_T_C"	"rs3184504"	"ENSG00000111252"	"SH2B3"	"MONDO_0005147"	"type 1 diabetes mellitus"	"missense_variant"	"OTHER"	"EFO_0000540"
0.723392844200134	"\"Type 1 diabetes, wide definition\""	"FINNGEN_R5_T1D_WIDE"	2021	0.866927437045505	NA	"12_111446804_T_C"	"rs3184504"	"ENSG00000111252"	"SH2B3"	"MONDO_0005147"	"type 1 diabetes mellitus"	"missense_variant"	"OTHER"	"EFO_0000540"
0.7192103266716	"Autoimmune diseases"	"FINNGEN_R5_AUTOIMMUNE"	2021	0.865974341163594	NA	"12_111446804_T_C"	"rs3184504"	"ENSG00000111252"	"SH2B3"	"EFO_0005140"	"autoimmune disease"	"missense_variant"	"OTHER"	"EFO_0000540"
0.71855902671814	"Type 1 diabetes"	"GCST90013791"	2021	0.803929005266006	NA	"12_111446804_T_C"	"rs3184504"	"ENSG00000111252"	"SH2B3"	"MONDO_0005147"	"type 1 diabetes mellitus"	"missense_variant"	"OTHER"	"EFO_0000540"
0.71307110786438	"Type 1 diabetes"	"GCST90014023"	2021	0.793344282190102	NA	"12_111446804_T_C"	"rs3184504"	"ENSG00000111252"	"SH2B3"	"MONDO_0005147"	"type 1 diabetes mellitus"	"missense_variant"	"OTHER"	"EFO_0000540"
0.705555737018585	"Type 1 diabetes with ophthalmic complications"	"FINNGEN_R5_E4_DM1OPTH"	2021	0.838701849328637	NA	"12_111446804_T_C"	"rs3184504"	"ENSG00000111252"	"SH2B3"	"MONDO_0005147"	"type 1 diabetes mellitus"	"missense_variant"	"OTHER"	"EFO_0000540"
0.693520963191986	"Type 1 diabetes without complications"	"FINNGEN_R5_E4_DM1NOCOMP"	2021	0.827289983762492	NA	"12_111446804_T_C"	"rs3184504"	"ENSG00000111252"	"SH2B3"	"MONDO_0005147"	"type 1 diabetes mellitus"	"missense_variant"	"OTHER"	"EFO_0000540"
0.676729083061218	"Type 1 diabetes"	"FINNGEN_R5_E4_DM1"	2021	0.848232929410092	NA	"12_111446804_T_C"	"rs3184504"	"ENSG00000111252"	"SH2B3"	"MONDO_0005147"	"type 1 diabetes mellitus"	"missense_variant"	"OTHER"	"EFO_0000540"
0.676689326763153	"\"Type 1 diabetes, wide definition, subgroup 1\""	"FINNGEN_R5_T1D_WIDE1"	2021	0.83660771346584	NA	"12_111446804_T_C"	"rs3184504"	"ENSG00000111252"	"SH2B3"	"MONDO_0005147"	"type 1 diabetes mellitus"	"missense_variant"	"OTHER"	"EFO_0000540"
0.515644371509552	"Certain disorders involving the immune mechanism"	"FINNGEN_R5_D3_IMMUNEMECHANISM"	2021	1.77411197151734	NA	"2_97725153_C_T"	"rs145955907"	"ENSG00000115085"	"ZAP70"	"EFO_0000540"	"immune system disease"	"missense_variant"	"OTHER"	"EFO_0000540"
0.6983363032341	"Autoimmune diseases"	"FINNGEN_R5_AUTOIMMUNE"	2021	1.06972328192092	NA	"2_162267541_C_T"	"rs1990760"	"ENSG00000115267"	"IFIH1"	"EFO_0005140"	"autoimmune disease"	"missense_variant"	"OTHER"	"EFO_0000540"
0.683619856834412	"Type 1 diabetes"	"GCST90014023"	2021	0.605113037234067	NA	"2_162268127_T_C"	"rs35667974"	"ENSG00000115267"	"IFIH1"	"MONDO_0005147"	"type 1 diabetes mellitus"	"missense_variant"	"OTHER"	"EFO_0000540"
0.661564469337463	"\"Hypothyroidism, strict autoimmune, 3 medication purchases required\""	"FINNGEN_R5_E4_HYTHY_AI_STRICT_PURCH"	2021	1.0815551942349	NA	"2_162267541_C_T"	"rs1990760"	"ENSG00000115267"	"IFIH1"	"EFO_0003779"	"Hashimoto's thyroiditis"	"missense_variant"	"OTHER"	"EFO_0000540"
0.661564469337463	"\"Hypothyroidism, strict autoimmune\""	"FINNGEN_R5_E4_HYTHY_AI_STRICT"	2021	1.09461204096431	NA	"2_162267541_C_T"	"rs1990760"	"ENSG00000115267"	"IFIH1"	"EFO_0003779"	"Hashimoto's thyroiditis"	"missense_variant"	"OTHER"	"EFO_0000540"
0.647980988025665	"Type 1 diabetes"	"GCST90013791"	2021	1.12612799810312	NA	"2_162267541_C_T"	"rs1990760"	"ENSG00000115267"	"IFIH1"	"MONDO_0005147"	"type 1 diabetes mellitus"	"missense_variant"	"OTHER"	"EFO_0000540"
0.517490327358246	"Systemic lupus erythematosus"	"GCST90018917"	2021	NA	0.7862	"1_183563445_G_T"	"rs17849502"	"ENSG00000116701"	"NCF2"	"EFO_0002690"	"systemic lupus erythematosus"	"missense_variant"	"OTHER"	"EFO_0000540"
0.841194689273834	"Autoimmune diseases"	"FINNGEN_R5_AUTOIMMUNE"	2021	1.4165155245165	NA	"16_50301163_C_A"	"rs78534766"	"ENSG00000121281"	"ADCY7"	"EFO_0005140"	"autoimmune disease"	"missense_variant"	"OTHER"	"EFO_0000540"
0.751431286334991	"Type 1 diabetes"	"GCST90014023"	2021	1.10968589744011	NA	"22_37185445_C_A"	"rs229527"	"ENSG00000133466"	"C1QTNF6"	"MONDO_0005147"	"type 1 diabetes mellitus"	"missense_variant"	"OTHER"	"EFO_0000540"
0.707786381244659	"\"Seropositive rheumatoid arthritis, wide\""	"FINNGEN_R5_RHEUMA_SEROPOS_WIDE"	2021	0.627256331327612	NA	"1_113834946_A_G"	"rs2476601"	"ENSG00000134242"	"PTPN22"	"EFO_0009459"	"ACPA-positive rheumatoid arthritis"	"missense_variant"	"OTHER"	"EFO_0000540"
0.707786381244659	"Other/unspecified seropositiverheumatoid arthritis"	"FINNGEN_R5_RHEUMA_SEROPOS_OTH"	2021	0.623130071177658	NA	"1_113834946_A_G"	"rs2476601"	"ENSG00000134242"	"PTPN22"	"EFO_0009459"	"ACPA-positive rheumatoid arthritis"	"missense_variant"	"OTHER"	"EFO_0000540"
0.707786381244659	"Type 1 diabetes with other specified/multiple/unspecified complications"	"FINNGEN_R5_E4_DM1NASCOMP"	2021	0.594520547970194	NA	"1_113834946_A_G"	"rs2476601"	"ENSG00000134242"	"PTPN22"	"MONDO_0005147"	"type 1 diabetes mellitus"	"missense_variant"	"OTHER"	"EFO_0000540"
0.707616746425629	"\"Hypothyroidism, strict autoimmune\""	"FINNGEN_R5_E4_HYTHY_AI_STRICT"	2021	0.697885660367427	NA	"1_113834946_A_G"	"rs2476601"	"ENSG00000134242"	"PTPN22"	"EFO_0003779"	"Hashimoto's thyroiditis"	"missense_variant"	"OTHER"	"EFO_0000540"
0.707616746425629	"\"Hypothyroidism, strict autoimmune, 3 medication purchases required\""	"FINNGEN_R5_E4_HYTHY_AI_STRICT_PURCH"	2021	0.726003821788289	NA	"1_113834946_A_G"	"rs2476601"	"ENSG00000134242"	"PTPN22"	"EFO_0003779"	"Hashimoto's thyroiditis"	"missense_variant"	"OTHER"	"EFO_0000540"
0.707454204559326	"Type 1 diabetes"	"GCST90014023"	2021	0.525691889119666	NA	"1_113834946_A_G"	"rs2476601"	"ENSG00000134242"	"PTPN22"	"MONDO_0005147"	"type 1 diabetes mellitus"	"missense_variant"	"OTHER"	"EFO_0000540"
0.707432329654694	"Type 1 diabetes"	"GCST90000529"	2021	0.510959055225325	NA	"1_113834946_A_G"	"rs2476601"	"ENSG00000134242"	"PTPN22"	"MONDO_0005147"	"type 1 diabetes mellitus"	"missense_variant"	"OTHER"	"EFO_0000540"
0.707192242145538	"Type 1 diabetes"	"GCST90013791"	2021	0.58055468333547	NA	"1_113834946_A_G"	"rs2476601"	"ENSG00000134242"	"PTPN22"	"MONDO_0005147"	"type 1 diabetes mellitus"	"missense_variant"	"OTHER"	"EFO_0000540"
0.706547141075134	"Autoimmune diseases"	"FINNGEN_R5_AUTOIMMUNE"	2021	0.719211360446867	NA	"1_113834946_A_G"	"rs2476601"	"ENSG00000134242"	"PTPN22"	"EFO_0005140"	"autoimmune disease"	"missense_variant"	"OTHER"	"EFO_0000540"
0.701150119304657	"Rheumatoid arthritis"	"GCST90018910"	2021	NA	-0.3076	"1_113834946_A_G"	"rs2476601"	"ENSG00000134242"	"PTPN22"	"EFO_0000685"	"rheumatoid arthritis"	"missense_variant"	"OTHER"	"EFO_0000540"
0.700890481472015	"Hashimoto thyroiditis"	"GCST90018855"	2021	NA	-0.3308	"1_113834946_A_G"	"rs2476601"	"ENSG00000134242"	"PTPN22"	"EFO_0003779"	"Hashimoto's thyroiditis"	"missense_variant"	"OTHER"	"EFO_0000540"
0.700890481472015	"Type 1 diabetes"	"GCST90018925"	2021	NA	-0.4287	"1_113834946_A_G"	"rs2476601"	"ENSG00000134242"	"PTPN22"	"MONDO_0005147"	"type 1 diabetes mellitus"	"missense_variant"	"OTHER"	"EFO_0000540"
0.614499926567078	"Seropositive rheumatoid arthritis"	"FINNGEN_R5_RHEUMA_SEROPOS"	2021	0.628009490730468	NA	"1_113834946_A_G"	"rs2476601"	"ENSG00000134242"	"PTPN22"	"EFO_0000685"	"rheumatoid arthritis"	"missense_variant"	"OTHER"	"EFO_0000540"
0.613919973373413	"Crohn's disease vs rheumatoid arthritis (ordinary least squares (OLS))"	"GCST90016610"	2021	NA	NA	"1_113834946_A_G"	"rs2476601"	"ENSG00000134242"	"PTPN22"	"EFO_0000384"	"Crohn's disease"	"missense_variant"	"OTHER"	"EFO_0000540"
0.334627479314804	"Type 1 diabetes"	"GCST90013445"	2021	1.113	NA	"1_119895261_A_G"	"rs2641348"	"ENSG00000134249"	"ADAM30"	"MONDO_0005147"	"type 1 diabetes mellitus"	"missense_variant"	"OTHER"	"EFO_0000540"
0.770781874656677	"Ulcerative colitis"	"GCST90018933"	2021	NA	-0.16	"1_161509955_A_G"	"rs1801274"	"ENSG00000143226"	"FCGR2A"	"EFO_0000729"	"ulcerative colitis"	"missense_variant"	"OTHER"	"EFO_0000540"
0.754406630992889	"Ulcerative colitis"	"GCST90038684"	2021	0.999132897151132	NA	"1_161509955_A_G"	"rs1801274"	"ENSG00000143226"	"FCGR2A"	"EFO_0000729"	"ulcerative colitis"	"missense_variant"	"OTHER"	"EFO_0000540"
0.869649946689606	"\"Atopic dermatitis, strict definition with reimbursement\""	"FINNGEN_R5_ATOPIC_STRICT_REIMB"	2021	1.19088889634809	NA	"5_14610200_C_G"	"rs16903574"	"ENSG00000145569"	"OTULINL"	"EFO_0000274"	"atopic eczema"	"missense_variant"	"OTHER"	"EFO_0000540"
0.869649946689606	"\"Atopic  dermatitis, strict definition\""	"FINNGEN_R5_ATOPIC_STRICT"	2021	1.2020158230963	NA	"5_14610200_C_G"	"rs16903574"	"ENSG00000145569"	"OTULINL"	"EFO_0000274"	"atopic eczema"	"missense_variant"	"OTHER"	"EFO_0000540"
0.233472764492035	"\"Diseases of veins, lymphatic vessels and lymph nodes, not elsewhere classified\""	"FINNGEN_R5_I9_DISVEINLYMPH"	2021	1.08090645575936	NA	"5_131430969_T_C"	"rs1291602"	"ENSG00000158987"	"RAPGEF6"	"EFO_0007352"	"lymphatic system disease"	"missense_variant"	"OTHER"	"EFO_0000540"
0.789888799190521	"Type 1 diabetes with ophthalmic complications"	"FINNGEN_R5_E4_DM1OPTH"	2021	1.64361814868683	NA	"21_44294411_C_T"	"rs74203920"	"ENSG00000160224"	"AIRE"	"MONDO_0005147"	"type 1 diabetes mellitus"	"missense_variant"	"OTHER"	"EFO_0000540"
0.713079869747162	"\"Type 1 diabetes, wide definition, subgroup 1\""	"FINNGEN_R5_T1D_WIDE1"	2021	1.45019785667073	NA	"21_44294411_C_T"	"rs74203920"	"ENSG00000160224"	"AIRE"	"MONDO_0005147"	"type 1 diabetes mellitus"	"missense_variant"	"OTHER"	"EFO_0000540"
0.672510802745819	"Type 1 diabetes"	"FINNGEN_R5_E4_DM1"	2021	1.4314672969601	NA	"21_44294411_C_T"	"rs74203920"	"ENSG00000160224"	"AIRE"	"MONDO_0005147"	"type 1 diabetes mellitus"	"missense_variant"	"OTHER"	"EFO_0000540"
0.537239372730255	"\"Type 1 diabetes, wide definition\""	"FINNGEN_R5_T1D_WIDE"	2021	1.35879734041753	NA	"21_44294411_C_T"	"rs74203920"	"ENSG00000160224"	"AIRE"	"MONDO_0005147"	"type 1 diabetes mellitus"	"missense_variant"	"OTHER"	"EFO_0000540"
0.495707243680954	"Type 1 diabetes without complications"	"FINNGEN_R5_E4_DM1NOCOMP"	2021	1.4233311434336	NA	"21_44294411_C_T"	"rs74203920"	"ENSG00000160224"	"AIRE"	"MONDO_0005147"	"type 1 diabetes mellitus"	"missense_variant"	"OTHER"	"EFO_0000540"
0.421560704708099	"Type 1 diabetes with other specified/multiple/unspecified complications"	"FINNGEN_R5_E4_DM1NASCOMP"	2021	1.47285103202448	NA	"21_44294411_C_T"	"rs74203920"	"ENSG00000160224"	"AIRE"	"MONDO_0005147"	"type 1 diabetes mellitus"	"missense_variant"	"OTHER"	"EFO_0000540"
0.284668803215027	"Type 1 diabetes"	"GCST90014023"	2021	1.36872411090981	NA	"21_44294411_C_T"	"rs74203920"	"ENSG00000160224"	"AIRE"	"MONDO_0005147"	"type 1 diabetes mellitus"	"missense_variant"	"OTHER"	"EFO_0000540"
0.653732419013977	"Allergy, hypersensitivity or anaphylaxis"	"GCST90038661"	2021	0.988551142726152	NA	"17_4632019_G_A"	"rs34210653"	"ENSG00000161905"	"ALOX15"	"MONDO_0005271"	"allergic disease"	"missense_variant"	"OTHER"	"EFO_0000540"
0.649618625640869	"Allergic rhinitis"	"GCST90038664"	2021	0.989384051187077	NA	"17_4632019_G_A"	"rs34210653"	"ENSG00000161905"	"ALOX15"	"EFO_0005854"	"allergic rhinitis"	"missense_variant"	"OTHER"	"EFO_0000540"
0.902274966239929	"\"Hypothyroidism, strict autoimmune, 3 medication purchases required\""	"FINNGEN_R5_E4_HYTHY_AI_STRICT_PURCH"	2021	0.935382259082195	NA	"4_186082920_C_T"	"rs3775291"	"ENSG00000164342"	"TLR3"	"EFO_0003779"	"Hashimoto's thyroiditis"	"missense_variant"	"OTHER"	"EFO_0000540"
0.899558424949646	"\"Hypothyroidism, strict autoimmune\""	"FINNGEN_R5_E4_HYTHY_AI_STRICT"	2021	0.933513364081996	NA	"4_186082920_C_T"	"rs3775291"	"ENSG00000164342"	"TLR3"	"EFO_0003779"	"Hashimoto's thyroiditis"	"missense_variant"	"OTHER"	"EFO_0000540"
0.664016544818878	"Multiple myeloma"	"GCST012396"	2021	0.833333333333333	NA	"3_41883906_C_T"	"rs1052501"	"ENSG00000168038"	"ULK4"	"EFO_0001378"	"multiple myeloma"	"missense_variant"	"OTHER"	"EFO_0000540"
0.714274227619171	"Atopic dermatitis"	"GCST90027161"	2021	0.91119350029614	NA	"5_132660272_A_G"	"rs20541"	"ENSG00000169194"	"IL13"	"EFO_0000274"	"atopic eczema"	"missense_variant"	"OTHER"	"EFO_0000540"
0.713294744491577	"Atopic dermatitis"	"GCST90086149"	2021	NA	NA	"5_132660272_A_G"	"rs20541"	"ENSG00000169194"	"IL13"	"EFO_0000274"	"atopic eczema"	"missense_variant"	"OTHER"	"EFO_0000540"
0.713294744491577	"Atopic dermatitis"	"GCST90018784"	2021	NA	-0.1451	"5_132660272_A_G"	"rs20541"	"ENSG00000169194"	"IL13"	"EFO_0000274"	"atopic eczema"	"missense_variant"	"OTHER"	"EFO_0000540"
0.282341510057449	"IBD patients in KELA-register"	"FINNGEN_R5_K11_KELAIBD"	2021	1.20273724899629	NA	"3_49684099_G_A"	"rs3197999"	"ENSG00000173531"	"MST1"	"EFO_0003767"	"inflammatory bowel disease"	"missense_variant"	"OTHER"	"EFO_0000540"
0.271547436714172	"Noninfective enteritis and colitis"	"FINNGEN_R5_K11_ENERCOLNONINF"	2021	1.09548808096636	NA	"3_49684099_G_A"	"rs3197999"	"ENSG00000173531"	"MST1"	"EFO_0003872"	"colitis"	"missense_variant"	"OTHER"	"EFO_0000540"
0.265607476234436	"\"UC patients in KELA-register ( KELA 208 prior to 1994, or ICD K51)\""	"FINNGEN_R5_K11_KELAUC"	2021	1.22850747792794	NA	"3_49684099_G_A"	"rs3197999"	"ENSG00000173531"	"MST1"	"EFO_0000729"	"ulcerative colitis"	"missense_variant"	"OTHER"	"EFO_0000540"
0.263764649629593	"Ulcerative colitis"	"FINNGEN_R5_K11_ULCER"	2021	1.15661773458219	NA	"3_49684099_G_A"	"rs3197999"	"ENSG00000173531"	"MST1"	"EFO_0000729"	"ulcerative colitis"	"missense_variant"	"OTHER"	"EFO_0000540"
0.257405996322632	"\"Ulcerative colitis (strict definition, require KELA)\""	"FINNGEN_R5_K11_UC_STRICT"	2021	1.2073163453153	NA	"3_49684099_G_A"	"rs3197999"	"ENSG00000173531"	"MST1"	"EFO_0000729"	"ulcerative colitis"	"missense_variant"	"OTHER"	"EFO_0000540"
0.232513502240181	"\"Ulcerative colitis (strict definition, require KELA, min 2 HDR)\""	"FINNGEN_R5_K11_UC_STRICT2"	2021	1.21033841218819	NA	"3_49684099_G_A"	"rs3197999"	"ENSG00000173531"	"MST1"	"EFO_0000729"	"ulcerative colitis"	"missense_variant"	"OTHER"	"EFO_0000540"
0.200778931379318	"\"Inflammatory bowel disease, strict (require KELA)\""	"FINNGEN_R5_K11_IBD_STRICT"	2021	1.1961403522226	NA	"3_49684099_G_A"	"rs3197999"	"ENSG00000173531"	"MST1"	"EFO_0003767"	"inflammatory bowel disease"	"missense_variant"	"OTHER"	"EFO_0000540"
0.177001059055328	"Inflammatory bowel disease"	"FINNGEN_R5_K11_IBD"	2021	1.13996778131199	NA	"3_49684099_G_A"	"rs3197999"	"ENSG00000173531"	"MST1"	"EFO_0003767"	"inflammatory bowel disease"	"missense_variant"	"OTHER"	"EFO_0000540"
0.606727361679077	"Allergic rhinitis"	"GCST90038664"	2021	0.993988491858229	NA	"4_38797027_C_A"	"rs5743618"	"ENSG00000174125"	"TLR1"	"EFO_0005854"	"allergic rhinitis"	"missense_variant"	"OTHER"	"EFO_0000540"
0.601832866668701	"Allergy, hypersensitivity or anaphylaxis"	"GCST90038661"	2021	0.99406972391688	NA	"4_38797027_C_A"	"rs5743618"	"ENSG00000174125"	"TLR1"	"MONDO_0005271"	"allergic disease"	"missense_variant"	"OTHER"	"EFO_0000540"
0.852215170860291	"Atopic dermatitis"	"GCST90018564"	2021	NA	-0.4776405	"11_7960885_G_A"	"rs59039403"	"ENSG00000182261"	"NLRP10"	"EFO_0000274"	"atopic eczema"	"missense_variant"	"OTHER"	"EFO_0000540"
0.852215170860291	"Atopic dermatitis"	"GCST90086148"	2021	NA	NA	"11_7960885_G_A"	"rs59039403"	"ENSG00000182261"	"NLRP10"	"EFO_0000274"	"atopic eczema"	"missense_variant"	"OTHER"	"EFO_0000540"
0.257326900959015	"Atopic dermatitis"	"GCST90018784"	2021	NA	-0.4776	"11_7960885_G_A"	"rs59039403"	"ENSG00000182261"	"NLRP10"	"EFO_0000274"	"atopic eczema"	"missense_variant"	"OTHER"	"EFO_0000540"
0.68972510099411	"Polycythaemia vera"	"FINNGEN_R5_POLYCYTVERA"	2021	3.63024449498885	NA	"22_28725099_A_G"	"rs17879961"	"ENSG00000183765"	"CHEK2"	"EFO_0002429"	"polycythemia vera"	"missense_variant"	"OTHER"	"EFO_0000540"
0.568848192691803	"Systemic lupus erythematosus"	"GCST011096"	2021	0.84	NA	"1_1243545_G_A"	"rs12093154"	"ENSG00000184163"	"C1QTNF12"	"EFO_0002690"	"systemic lupus erythematosus"	"missense_variant"	"OTHER"	"EFO_0000540"
0.653448402881622	"Pollinosis"	"GCST90018683"	2021	NA	0.11941082	"6_31356822_T_G"	"rs1050538"	"ENSG00000234745"	"HLA-B"	"EFO_0003956"	"seasonal allergic rhinitis"	"missense_variant"	"OTHER"	"EFO_0000540"
0.651330590248108	"Pollinosis"	"GCST90018903"	2021	NA	0.1044	"6_31356822_T_G"	"rs1050538"	"ENSG00000234745"	"HLA-B"	"EFO_0003956"	"seasonal allergic rhinitis"	"missense_variant"	"OTHER"	"EFO_0000540"
